{
  "eta_hat": [
    0.02687287332170999,
    -0.27389843819595816,
    0.5637846512723186,
    0.48740136338214357,
    -0.06023750871649255,
    0.292177098486856,
    0.13876364456919638,
    0.8571403304490192,
    0.9107260875388474,
    0.9998064405176276,
    0.9681847408403049
  ],
  "gamma_hat": 0.02687287332170999,
  "xi_hat": [
    -0.27389843819595816,
    0.5637846512723186,
    0.48740136338214357,
    -0.06023750871649255,
    0.292177098486856
  ],
  "A_hat": [
    1.3284653396367554,
    2.3602814144957955,
    2.4897402078834516,
    2.7177559337562,
    2.633842676783888
  ],
  "final_objective": 0.040516551509372854,
  "bounds_used": {
    "gamma": [
      0.0,
      0.5
    ],
    "xi": [
      -2.0,
      2.0
    ],
    "logA": [
      -1.0,
      1.0
    ]
  },
  "weight_by_counts": false,
  "global_search": true,
  "bootstrap_samples": 5,
  "bootstrap_results": {
    "eta_mean": [
      0.02687287332170999,
      -0.27389843819595816,
      0.5637846512723186,
      0.48740136338214357,
      -0.06023750871649255,
      0.292177098486856,
      0.13876364456919638,
      0.8571403304490192,
      0.9107260875388474,
      0.9998064405176276,
      0.9681847408403049
    ],
    "eta_std": [
      0.01915300455141386,
      1.3268653310848781,
      0.6191437454023728,
      0.6543007087353369,
      0.7050111559117926,
      0.5601224918286878,
      0.5363732636706229,
      0.05738872235415881,
      0.05406185349673185,
      0.0003871189647449036,
      0.022880057517173157
    ],
    "gamma_mean": 0.02687287332170999,
    "gamma_std": 0.01915300455141386,
    "xi_mean": [
      -0.27389843819595816,
      0.5637846512723186,
      0.48740136338214357,
      -0.06023750871649255,
      0.292177098486856
    ],
    "xi_std": [
      1.3268653310848781,
      0.6191437454023728,
      0.6543007087353369,
      0.7050111559117926,
      0.5601224918286878
    ],
    "A_mean": [
      1.3284653396367554,
      2.3602814144957955,
      2.4897402078834516,
      2.7177559337562,
      2.633842676783888
    ],
    "A_std": [
      0.7401564239653008,
      0.1346757160001757,
      0.13338622520094884,
      0.001051789405690684,
      0.0593605305850084
    ],
    "objective_mean": 0.040516551509372854,
    "objective_std": 0.0062156273922727295,
    "convergence_rate": 0.8,
    "eta_hat_samples": [
      [
        0.002109452326516559,
        -0.576154085094474,
        -0.10713284177202215,
        -0.10185413575707594,
        -0.5577707331213138,
        -0.01804180191595874,
        0.1299705103711164,
        0.9205045842737312,
        0.9417949200387747,
        1.0,
        0.9885014510090477
      ],
      [
        0.047016860528652005,
        -1.6729778132596167,
        1.0759452443587572,
        0.9194882615829598,
        0.576769108051556,
        0.9147823708952016,
        -0.1269382064880844,
        0.9162343512955977,
        0.984653699759537,
        1.0,
        0.9767023483366974
      ],
      [
        0.0512590846458838,
        0.8509215431084876,
        0.23500948759729917,
        0.0579989064486321,
        -0.8991102287238006,
        -0.5350114863106967,
        0.9899905344445044,
        0.8047257409504621,
        0.8223649392558581,
        1.0,
        0.9789201841739483
      ],
      [
        0.013444725963295578,
        1.645719200863644,
        1.5065926228127893,
        1.5713216636911358,
        0.9541424393326793,
        0.9156801878718502,
        0.33871599730677127,
        0.7787604021343566,
        0.9132895409709927,
        0.9990322025881377,
        0.9235600327038087
      ],
      [
        0.02053424314420199,
        -1.6170010365978316,
        0.10850874336476932,
        -0.009947879054934277,
        -0.37521812912158364,
        0.1834762218938837,
        -0.6379206127883257,
        0.8654765735909482,
        0.8915273376690749,
        1.0,
        0.9732396879780225
      ]
    ],
    "gamma_hat_samples": [
      0.002109452326516559,
      0.047016860528652005,
      0.0512590846458838,
      0.013444725963295578,
      0.02053424314420199
    ],
    "xi_hat_samples": [
      [
        -0.576154085094474,
        -0.10713284177202215,
        -0.10185413575707594,
        -0.5577707331213138,
        -0.01804180191595874
      ],
      [
        -1.6729778132596167,
        1.0759452443587572,
        0.9194882615829598,
        0.576769108051556,
        0.9147823708952016
      ],
      [
        0.8509215431084876,
        0.23500948759729917,
        0.0579989064486321,
        -0.8991102287238006,
        -0.5350114863106967
      ],
      [
        1.645719200863644,
        1.5065926228127893,
        1.5713216636911358,
        0.9541424393326793,
        0.9156801878718502
      ],
      [
        -1.6170010365978316,
        0.10850874336476932,
        -0.009947879054934277,
        -0.37521812912158364,
        0.1834762218938837
      ]
    ],
    "A_hat_samples": [
      [
        1.138794800193415,
        2.510556857898322,
        2.564580506538961,
        2.718281828459045,
        2.6872045459215483
      ],
      [
        0.8807880979053971,
        2.499859052526994,
        2.676884718069791,
        2.718281828459045,
        2.655684264783177
      ],
      [
        2.691208998440575,
        2.236083148676374,
        2.2758757861189185,
        2.718281828459045,
        2.6615806727335327
      ],
      [
        1.4031447917204338,
        2.1787697924698803,
        2.4925082704206836,
        2.7156523549448184,
        2.5182394658376737
      ],
      [
        0.5283900099239556,
        2.3761382209074067,
        2.438851758268904,
        2.718281828459045,
        2.646504434643509
      ]
    ],
    "objective_samples": [
      0.04671440742293857,
      0.04538854910049621,
      0.04140388503283588,
      0.029118279990578425,
      0.0399576360000152
    ],
    "convergence_samples": [
      true,
      true,
      true,
      false,
      true
    ]
  }
}