firm_id,V_inclusive_value,avg_distance,sd_distance,gamma
1,3.8697260039414463,20.051066626889053,10.71854150755485,0.05
2,3.0586490725419093,21.482255681289985,11.330451691130632,0.05
