{
  "two_step": false,
  "gamma_hat_1": 0.038141919139492775,
  "Q1": 0.0039073009709977916,
  "moment_dim": 11,
  "N": 100
}