{
  "solver": "LevenbergMarquardt",
  "N": 1000,
  "J": 10,
  "K": 21,
  "p": 21,
  "theta0": [
    0.02643399899025491,
    0.08240619391362466,
    -1.1425762915941673,
    -0.35310049940263505,
    -1.2729154414085897,
    -0.9237299085958621,
    0.7341780234074936,
    -1.3723268920758906,
    -1.8355044276801078,
    -1.2124389489830838,
    -0.9845256741543107,
    1.4960493333635725,
    0.661798307069102,
    1.3774520100113936,
    0.7413957019320836,
    0.7682022522117508,
    1.6327895876728922,
    0.5959836231935102,
    0.3499519520374383,
    0.5383728110437966,
    0.6454066877191476
  ],
  "theta_hat": [
    0.039208364428766886,
    2.4429526914898365,
    4.364083405006989,
    0.6951051688928095,
    4.010934045410368,
    4.539180225287854,
    5.521209982110984,
    3.90990997477755,
    -1.8355044276801078,
    4.317284420971106,
    4.9416933916485215,
    1.3181702042040904,
    0.897166593687847,
    0.9457763889186723,
    0.8814014228342316,
    1.0268837986727595,
    2.0155147904189175,
    0.7676850550848131,
    0.3499519520374383,
    0.9086948925416796,
    1.0028806268830919
  ],
  "objective": 1.1972809702203622e-11,
  "nit": 10000,
  "grad_norm": 0.011233966721322224,
  "g_feat_mode": "chamberlain",
  "chamberlain_mode": "fd",
  "g_feat_density": 0.8840142857142858,
  "g_feat_storage": "dense",
  "k_step": 2,
  "steps": [
    {
      "step": 1,
      "theta_hat": [
        0.023868920787519118,
        2.1728689739220197,
        2.0844106070793877,
        1.5369791406639586,
        1.821860659003836,
        2.1125874829263793,
        3.5419402628347916,
        1.569584397088585,
        -1.8355044276801078,
        0.2917947314043285,
        1.380950730046449,
        1.3448856694924827,
        0.923848055912738,
        0.8049152124015717,
        0.9029000093731776,
        1.087491579652787,
        2.108733083743521,
        0.8148249985255953,
        0.3499519520374383,
        4.31579854276745,
        1.4260695484143442
      ],
      "objective": 12.233838001232163,
      "nit": 10000,
      "grad_norm": 13.80428675184542,
      "build_time_sec": 0.6360736669739708,
      "solve_time_sec": 70.52816516696475,
      "g_feat_density": 0.7841095238095238,
      "g_feat_storage": "dense",
      "instrument_mode": "fd",
      "probability_min": 9.999999999999995e-301,
      "probability_max": 0.7733228894398598,
      "rowsum_min": 0.9999999999999997,
      "rowsum_max": 1.0000000000000002,
      "prob_has_nan": false,
      "prob_has_inf": false,
      "moment_norm": 3.4976903809846007,
      "moment_max_abs": 3.3156080835782937,
      "moment_has_nan": false
    },
    {
      "step": 2,
      "theta_hat": [
        0.039208364428766886,
        2.4429526914898365,
        4.364083405006989,
        0.6951051688928095,
        4.010934045410368,
        4.539180225287854,
        5.521209982110984,
        3.90990997477755,
        -1.8355044276801078,
        4.317284420971106,
        4.9416933916485215,
        1.3181702042040904,
        0.897166593687847,
        0.9457763889186723,
        0.8814014228342316,
        1.0268837986727595,
        2.0155147904189175,
        0.7676850550848131,
        0.3499519520374383,
        0.9086948925416796,
        1.0028806268830919
      ],
      "objective": 1.1972809702203622e-11,
      "nit": 10000,
      "grad_norm": 0.011233966721322224,
      "build_time_sec": 0.17339087498839945,
      "solve_time_sec": 71.37010416702833,
      "g_feat_density": 0.8840142857142858,
      "g_feat_storage": "dense",
      "instrument_mode": "fd",
      "probability_min": 9.999999999999995e-301,
      "probability_max": 0.9995928291541165,
      "rowsum_min": 0.9999999999999997,
      "rowsum_max": 1.0000000000000004,
      "prob_has_nan": false,
      "prob_has_inf": false,
      "moment_norm": 3.46017476005726e-06,
      "moment_max_abs": 3.363719355267411e-06,
      "moment_has_nan": false
    }
  ],
  "standard_errors": [
    0.017421701583362217,
    0.0,
    0.0,
    0.0,
    0.0,
    0.0,
    0.0,
    0.0,
    0.0,
    0.0,
    0.0,
    0.0,
    0.009616490420195136,
    0.0,
    0.017275453766204017,
    0.0,
    0.0,
    0.009687734674103188,
    0.0,
    0.0,
    0.0
  ],
  "se_mode": "robust",
  "ci_lower": [
    0.0050618293253769375,
    2.4429526914898365,
    4.364083405006989,
    0.6951051688928095,
    4.010934045410368,
    4.539180225287854,
    5.521209982110984,
    3.90990997477755,
    -1.8355044276801078,
    4.317284420971106,
    4.9416933916485215,
    1.3181702042040904,
    0.8783182724642645,
    0.9457763889186723,
    0.8475415334524717,
    1.0268837986727595,
    2.0155147904189175,
    0.7486970951235709,
    0.3499519520374383,
    0.9086948925416796,
    1.0028806268830919
  ],
  "ci_upper": [
    0.07335489953215683,
    2.4429526914898365,
    4.364083405006989,
    0.6951051688928095,
    4.010934045410368,
    4.539180225287854,
    5.521209982110984,
    3.90990997477755,
    -1.8355044276801078,
    4.317284420971106,
    4.9416933916485215,
    1.3181702042040904,
    0.9160149149114295,
    0.9457763889186723,
    0.9152613122159915,
    1.0268837986727595,
    2.0155147904189175,
    0.7866730150460554,
    0.3499519520374383,
    0.9086948925416796,
    1.0028806268830919
  ],
  "ci_plot": "output/theta_ci_plot.png",
  "distance_metrics": {
    "gamma_error": -0.010791635571233117,
    "V_l2": 2.2643525080861115,
    "V_max_abs": 7.0762656187839585,
    "A_l2": 0.12370027750337888,
    "A_max_abs": 0.3761382063125995
  },
  "baseline_theta0": {
    "gamma": 0.05,
    "V": [
      3.052799626810006,
      4.481852372997743,
      0.6156488337105831,
      4.061873578152534,
      4.816650428580688,
      5.920807196653346,
      3.9826714335043767,
      5.240761191103851,
      5.023804285447179,
      5.1938134925457256
    ],
    "A": [
      1.292472734368979,
      0.9379464932616352,
      0.9718383489489486,
      0.9453808482339596,
      1.0594304837675894,
      2.011457107647177,
      0.7883351266302282,
      0.7260901583500378,
      0.8698434408615563,
      1.0406969096614689
    ]
  },
  "market_shares": {
    "empirical": [
      0.169,
      0.157,
      0.046,
      0.096,
      0.035,
      0.049,
      0.3,
      0.032,
      0.023,
      0.039,
      0.054
    ],
    "model": [
      0.16920796944350192,
      0.15918485408852867,
      0.04808522644974931,
      0.09694251610123038,
      0.0364365715472267,
      0.05093562036054861,
      0.31173695880450064,
      0.03324859821919101,
      1.0000000000000146e-300,
      0.03920306293757829,
      0.055018622047944464
    ]
  },
  "timings": {
    "total_time_sec": 142.905842749984,
    "total_build_time_sec": 0.8094645419623703,
    "total_solve_time_sec": 141.89826933399308,
    "per_step": [
      {
        "step": 1,
        "theta_hat": [
          0.023868920787519118,
          2.1728689739220197,
          2.0844106070793877,
          1.5369791406639586,
          1.821860659003836,
          2.1125874829263793,
          3.5419402628347916,
          1.569584397088585,
          -1.8355044276801078,
          0.2917947314043285,
          1.380950730046449,
          1.3448856694924827,
          0.923848055912738,
          0.8049152124015717,
          0.9029000093731776,
          1.087491579652787,
          2.108733083743521,
          0.8148249985255953,
          0.3499519520374383,
          4.31579854276745,
          1.4260695484143442
        ],
        "objective": 12.233838001232163,
        "nit": 10000,
        "grad_norm": 13.80428675184542,
        "build_time_sec": 0.6360736669739708,
        "solve_time_sec": 70.52816516696475,
        "g_feat_density": 0.7841095238095238,
        "g_feat_storage": "dense",
        "instrument_mode": "fd",
        "probability_min": 9.999999999999995e-301,
        "probability_max": 0.7733228894398598,
        "rowsum_min": 0.9999999999999997,