{
  "solver": "GaussNewton",
  "N": 200,
  "J": 1,
  "K": 3,
  "p": 3,
  "theta0": [
    0.00025971586529370506,
    0.0645294471550505,
    10.180605619775754
  ],
  "theta_hat": [
    0.9999999999989999,
    200.10663428834442,
    10.065037647133476
  ],
  "objective": 6.573910794739198e-28,
  "nit": 1,
  "grad_norm": 1.7671837592277548e-12,
  "g_feat_mode": "chamberlain",
  "chamberlain_mode": "auto",
  "g_feat_density": null,
  "g_feat_storage": "implicit",
  "k_step": 2,
  "steps": [
    {
      "step": 1,
      "theta_hat": [
        1.0,
        200.10663428834442,
        10.065037647133474
      ],
      "objective": 1.791599696003944e-27,
      "nit": 11,
      "grad_norm": 2.8401167559017507e-12,
      "build_time_sec": 0.2887355840066448,
      "solve_time_sec": 6.039482916006818,
      "g_feat_density": null,
      "g_feat_storage": "implicit",
      "instrument_mode": "auto",
      "probability_min": 9.361829738097072e-07,
      "probability_max": 0.9999990638170262,
      "rowsum_min": 0.9999999999999999,
      "rowsum_max": 1.0,
      "prob_has_nan": false,
      "prob_has_inf": false,
      "moment_norm": 4.2327292566427446e-14,
      "moment_max_abs": 3.9968028886505635e-14,
      "moment_has_nan": false
    },
    {
      "step": 2,
      "theta_hat": [
        0.9999999999989999,
        200.10663428834442,
        10.065037647133476
      ],
      "objective": 6.573910794739198e-28,
      "nit": 1,
      "grad_norm": 1.7671837592277548e-12,
      "build_time_sec": 2.400000812485814e-05,
      "solve_time_sec": 5.231267541006673,
      "g_feat_density": null,
      "g_feat_storage": "implicit",
      "instrument_mode": "auto",
      "probability_min": 9.361829738097072e-07,
      "probability_max": 0.9999990638170262,
      "rowsum_min": 0.9999999999999999,
      "rowsum_max": 1.0,
      "prob_has_nan": false,
      "prob_has_inf": false,
      "moment_norm": 2.5639638832751132e-14,
      "moment_max_abs": 2.4868995751603507e-14,
      "moment_has_nan": false
    }
  ],
  "standard_errors": [
    NaN,
    NaN,
    NaN
  ],
  "se_mode": null,
  "ci_lower": [
    NaN,
    NaN,
    NaN
  ],
  "ci_upper": [
    NaN,
    NaN,
    NaN
  ],
  "distance_metrics": {
    "gamma_error": 0.9499999999989999,
    "V_l2": 194.91922889742307,
    "V_max_abs": 194.91922889742307,
    "c_l2": 0.11556797264227825,
    "c_max_abs": 0.11556797264227825
  },
  "baseline_theta0": {
    "gamma": 0.05,
    "V": [
      5.187405390921367
    ],
    "c": [
      10.180605619775754
    ]
  },
  "market_shares": {
    "empirical": [
      0.485,
      0.515
    ],
    "model": [
      0.48348479409239054,
      0.5165152059076094
    ]
  },
  "timings": {
    "total_time_sec": 11.660326500015799,
    "total_build_time_sec": 0.28875958401476964,
    "total_solve_time_sec": 11.270750457013492,
    "per_step": [
      {
        "step": 1,
        "theta_hat": [
          1.0,
          200.10663428834442,
          10.065037647133474
        ],
        "objective": 1.791599696003944e-27,
        "nit": 11,
        "grad_norm": 2.8401167559017507e-12,
        "build_time_sec": 0.2887355840066448,
        "solve_time_sec": 6.039482916006818,
        "g_feat_density": null,
        "g_feat_storage": "implicit",
        "instrument_mode": "auto",
        "probability_min": 9.361829738097072e-07,
        "probability_max": 0.9999990638170262,
        "rowsum_min": 0.9999999999999999,
        "rowsum_max": 1.0,
        "prob_has_nan": false,
        "prob_has_inf": false,
        "moment_norm": 4.2327292566427446e-14,
        "moment_max_abs": 3.9968028886505635e-14,
        "moment_has_nan": false
      },
      {
        "step": 2,
        "theta_hat": [
          0.9999999999989999,
          200.10663428834442,
          10.065037647133476
        ],
        "objective": 6.573910794739198e-28,
        "nit": 1,
        "grad_norm": 1.7671837592277548e-12,
        "build_time_sec": 2.400000812485814e-05,
        "solve_time_sec": 5.231267541006673,
        "g_feat_density": null,
        "g_feat_storage": "implicit",
        "instrument_mode": "auto",
        "probability_min": 9.361829738097072e-07,
        "probability_max": 0.9999990638170262,
        "rowsum_min": 0.9999999999999999,
        "rowsum_max": 1.0,
        "prob_has_nan": false,
        "prob_has_inf": false,
        "moment_norm": 2.5639638832751132e-14,
        "moment_max_abs": 2.4868995751603507e-14,
        "moment_has_nan": false
      }
    ]
  },
  "threads_used": null,
  "ci_plot": "/Users/rcly/worker-screening-simulations/output/theta_ci_plot.png"
}