{
  "gamma_hat": 0.038141919139492775,
  "obj_hat": 0.0039073009709977916,
  "m_hat": [
    -0.00485494045521371,
    0.041075385868937185,
    0.013000596872842569,
    -0.011918947419168298,
    0.00012421837659230792,
    -0.014213052214911504,
    -0.023115568474345535,
    0.0022567817073727344,
    0.025944063574594892,
    -0.02008725947134842,
    -0.008211278365352268
  ],
  "gamma_start": 0.5,
  "obj_start": 0.04599666888535248,
  "m_inf_norm": 0.041075385868937185,
  "bounds_hit": false,
  "converged": true,
  "elapsed_time": 0.0012810230255126953,
  "N": 100,
  "J": 10,
  "method": "one_step_gmm",
  "step1_results": {
    "gamma_hat_1": 0.038141919139492775,
    "Q1": 0.0039073009709977916,
    "m1": [
      -0.00485494045521371,
      0.041075385868937185,
      0.013000596872842569,
      -0.011918947419168298,
      0.00012421837659230792,
      -0.014213052214911504,
      -0.023115568474345535,
      0.0022567817073727344,
      0.025944063574594892,
      -0.02008725947134842,
      -0.008211278365352268
    ],
    "N": 100,
    "moment_dim": 11,
    "S_hat": [
      [
        0.07602058998950824,
        -0.03778651335471971,
        -0.002844099238641272,
        -0.0220999281346838,
        -0.002058832800926296,
        -0.0007026499537688486,
        -0.009007429657779814,
        -0.0009103981699338134,
        -3.11885725400097e-05,
        0.00015164480251639013,
        -0.0007311942153780607
      ],
      [
        -0.03778651335471971,
        0.15518745171318554,
        -0.01310531826525561,
        -0.03020126419356964,
        -0.006250135909814214,
        -0.0053335858592083426,
        -0.04545847730886655,
        -0.006546786456039595,
        -0.0015377753061087275,
        -0.0019494396388138114,
        -0.007018154727136297
      ],
      [
        -0.002844099238641272,
        -0.01310531826525561,
        0.056610250280411556,
        -0.0039048907369187446,
        -0.003057658902592082,
        -0.003076992306183082,
        -0.02234216781373302,
        -0.0021338508349567128,
        -0.002911610736445273,
        -0.0010207842398759583,
        -0.002212876512156815
      ],
      [
        -0.0220999281346838,
        -0.03020126419356964,
        -0.0039048907369187446,
        0.07631040933754002,
        -0.0029309648993392856,
        -0.001452056704626875,
        -0.012876190980373698,
        -0.0013809076031753734,
        -7.76165117629986e-05,
        -6.737872965169391e-05,
        -0.0013192101497849049
      ],
      [
        -0.002058832800926296,
        -0.006250135909814214,
        -0.003057658902592082,
        -0.0029309648993392856,
        0.03847171872125918,
        -0.0018016742942713324,
        -0.012449783680780716,
        -0.001436783217452347,
        -0.0030661866426895668,
        -0.0016535297039434816,
        -0.003766167975796883
      ],
      [
        -0.0007026499537688486,
        -0.0053335858592083426,
        -0.003076992306183082,
        -0.001452056704626875,
        -0.0018016742942713324,
        0.038420487439151205,
        -0.01472519125011988,
        -0.0011701143535155578,
        -0.004696610628451292,
        -0.0012646492483264367,
        -0.004196962147026573
      ],
      [
        -0.009007429657779814,
        -0.04545847730886655,
        -0.02234216781373302,
        -0.012876190980373698,
        -0.012449783680780716,
        -0.01472519125011988,
        0.18125964522428195,
        -0.012625702124557228,
        -0.021075355649006013,
        -0.010237197639577653,
        -0.02046214842583449
      ],
      [
        -0.0009103981699338134,
        -0.006546786456039595,
        -0.0021338508349567128,
        -0.0013809076031753734,
        -0.001436783217452347,
        -0.0011701143535155578,
        -0.012625702124557228,
        0.02899677869736785,
        -0.001198042434988408,
        -0.0001375859688044486,
        -0.0014566068402913901
      ],
      [
        -3.11885725400097e-05,
        -0.0015377753061087275,
        -0.002911610736445273,
        -7.76165117629986e-05,
        -0.0030661866426895668,
        -0.004696610628451292,
        -0.021075355649006013,
        -0.001198042434988408,
        0.04353680122952545,
        -0.0032136413389762444,
        -0.005728772714903928
      ],
      [
        0.00015164480251639013,
        -0.0019494396388138114,
        -0.0010207842398759583,
        -6.737872965169391e-05,
        -0.0016535297039434816,
        -0.0012646492483264367,
        -0.010237197639577653,
        -0.0001375859688044486,
        -0.0032136413389762444,
        0.020352308933655954,
        -0.0009597465345496372
      ],
      [
        -0.0007311942153780607,
        -0.007018154727136297,
        -0.002212876512156815,
        -0.0013192101497849049,
        -0.003766167975796883,
        -0.004196962147026573,
        -0.02046214842583449,
        -0.0014566068402913901,
        -0.005728772714903928,
        -0.0009597465345496372,
        0.04785184093651197
      ]
    ],