{
  "theta_hat": [
    0.07150785624666665,
    2.7069314892247642,
    4.196766730119061,
    1.0969644374872565,
    4.441584795084918,
    4.737035138174382,
    5.701336221035782,
    4.256784680233868,
    5.518335733410249,
    5.037603519075373,
    4.993411270137165
  ],
  "objective": 3.9755764905980094e-08,
  "theta0_used": [
    0.05,
    3.0529954131853407,
    4.48192525391125,
    0.6148863812298784,
    4.061756074488123,
    4.816503231301592,
    5.92090533545934,
    3.9825673375749204,
    5.240606644411567,
    5.023387358962583,
    5.194043517512089
  ],
  "instrument_file": "chamberlain_G_theta0.npz",
  "standard_errors": [
    0.02141515357953203,
    0.45972740629035647,
    0.7424407447197356,
    0.3022703800966826,
    0.761224172354872,
    0.7726037466406899,
    0.7139436483968946,
    0.7777999602186011,
    0.7547497266277027,
    0.763296853923479,
    0.7340304132433295
  ],
  "vcov_matrix": [
    [
      0.00045860880283494343,
      0.0036751089921087735,
      0.004266535374899865,
      0.0038447566377702623,
      0.006306997529659623,
      0.0065124434010953415,
      0.004385710892736806,
      0.006181943772954811,
      0.004098352966908233,
      0.005673819000583302,
      0.004157113051151706
    ],
    [
      0.0036751087321947955,
      0.21134928809445847,
      0.21335149533115413,
      0.07421256990413758,
      0.2292666900129121,
      0.23105373318640765,
      0.21435263059717943,
      0.22882461753275132,
      0.21138361847378595,
      0.22399498988216326,
      0.2123433697742612
    ],
    [
      0.004266534051147118,
      0.21335145785507548,
      0.5512182594199957,
      0.07970018571426073,
      0.5130956424240434,
      0.5221411982775448,
      0.499141005112089,
      0.5197581953514584,
      0.49293806984478206,
      0.5115460203147892,
      0.49784189266897333
    ],
    [
      0.0038447565685082374,
      0.07421257155308078,
      0.0797002039675562,
      0.09136738268379296,
      0.09661437783561383,
      0.09843875260384462,
      0.08065006485082081,
      0.09555886855540326,
      0.07812044622803103,
      0.09138819364932829,
      0.07865269639948713
    ],
    [
      0.006306996388651827,
      0.22926666286589883,
      0.5130956686308386,
      0.09661436345477077,
      0.57946224057736,
      0.544610851409571,
      0.5170187573736214,
      0.5424712345866508,
      0.5025468212908095,
      0.5291646620298592,
      0.5087068862657003
    ],
    [
      0.006512442940743491,
      0.2310537445836822,
      0.5221413213552949,
      0.09843875227877594,
      0.5446109488382423,
      0.5969165493232313,
      0.5213393100433359,
      0.5508779883720195,
      0.5111745143432944,
      0.5394159509692776,
      0.51737190836362
    ],
    [
      0.004385710383031075,
      0.21435263833177917,
      0.49914111617307105,
      0.08065006305430575,
      0.5170188437671934,
      0.521339303334439,
      0.5097155330862687,
      0.5203942123274292,
      0.4922188111673399,
      0.5108806914040862,
      0.49640748651516325
    ],
    [
      0.006181944206735669,
      0.22882467979549528,
      0.5197584445510318,
      0.0955588864278844,
      0.542471459509629,
      0.5508781196425494,
      0.5203943444467366,
      0.6049727781160574,
      0.5111671046115015,
      0.5370235350098611,
      0.5161879955511266
    ],
    [
      0.004098353564074587,
      0.21138368857416173,
      0.4929383356434688,
      0.07812046708670721,
      0.5025470638242413,
      0.5111746662320018,
      0.49221896254871167,
      0.5111671280666035,
      0.569647149844592,
      0.5079989705231183,
      0.49665313758485613
    ],
    [
      0.005673818642166623,
      0.22399500650876542,
      0.5115461551009368,
      0.0913881952411319,
      0.5291647717115995,
      0.5394159649323387,
      0.5108807112606847,
      0.5370234193051963,
      0.5079988341909122,
      0.5826220872094808,
      0.5149067299896746
    ],
    [
      0.004157112604634831,
      0.21234338154167684,
      0.4978420144003706,
      0.07865269599936843,
      0.5087069831709421,
      0.5173719115227986,
      0.4964074959788988,
      0.5161878719642181,
      0.4966529943879178,
      0.5149067197596847,
      0.5388006475661731
    ]
  ],
  "se_mode": "robust",
  "N": 500,
  "K": 11
}