{
  "two_step": true,
  "gamma_hat_1": 0.05587584712887313,
  "Q1": 0.00019092513314041893,
  "gamma_hat_2": 0.04874259439848225,
  "Q2": 0.002412288814414826,
  "moment_dim": 11,
  "N": 1000
}