{
  "theta_hat": [
    0.014327628037549698,
    -0.010710211359034766,
    -2.424442094043929,
    -0.12513570053386555,
    15.628845797509046,
    -1.0123522905353586,
    -3.546122388500389,
    -1.7889153419943675,
    -1.8355044276801078,
    10.101349243786983,
    -0.6370947246238031,
    10.608810059037179,
    -5.933377846982889,
    3.563466381750306,
    0.7015244223206925,
    -4.047003687256031,
    -16.478577650990438,
    -4.457633986062541,
    0.3499519520421559,
    0.7886831490136199,
    4.140093127857172
  ],
  "objective": 0.00015788207948052975,
  "theta0_used": [
    0.02643399899025491,
    0.08240619391362466,
    -1.1425762915941673,
    -0.35310049940263505,
    -1.2729154414085897,
    -0.9237299085958621,
    0.7341780234074936,
    -1.3723268920758906,
    -1.8355044276801078,
    -1.2124389489830838,
    -0.9845256741543107,
    1.4960499014246773,
    0.6617990279533735,
    1.3774205807848423,
    0.7413977249348667,
    0.7682041811629626,
    1.6327950174477681,
    0.5959848496146569,
    0.3499519520421559,
    0.538372934397485,
    0.6454076999320817
  ],
  "k_step": 2,
  "steps": [
    {
      "step": 1,
      "theta_hat": [
        0.0,
        -0.2814699270108627,
        -2.424442094043929,
        0.0442031626477647,
        15.628847084751772,
        -1.0123522905353586,
        -3.546122388500389,
        -1.7889153419943675,
        -1.8355044276801078,
        10.101347708125752,
        -0.5741971275869883,
        10.60875177711013,
        -5.933377846982889,
        3.5638862125220885,
        0.6910217907848134,
        -4.047003687256031,
        -16.478577650990438,
        -4.457633986062541,
        0.3499519520421559,
        0.76389601287741,
        4.140355946698299
      ],
      "objective": 23.57022619855358
    },
    {
      "step": 2,
      "theta_hat": [
        0.014327628037549698,
        -0.010710211359034766,
        -2.424442094043929,
        -0.12513570053386555,
        15.628845797509046,
        -1.0123522905353586,
        -3.546122388500389,
        -1.7889153419943675,
        -1.8355044276801078,
        10.101349243786983,
        -0.6370947246238031,
        10.608810059037179,
        -5.933377846982889,
        3.563466381750306,
        0.7015244223206925,
        -4.047003687256031,
        -16.478577650990438,
        -4.457633986062541,
        0.3499519520421559,
        0.7886831490136199,
        4.140093127857172
      ],
      "objective": 0.00015788207948052975
    }
  ],
  "standard_errors": [
    0.012540498135068839,
    0.10011939442785098,
    2.7103990968587085e-06,
    0.12154669685358963,
    0.8016626177215656,
    0.0,
    9.95665091555181e-17,
    0.0,
    1.4005744669285014e-16,
    0.792417469597591,
    0.10911716688261146,
    0.011429752531610481,
    0.0,
    0.8141528850998243,
    0.004768137179195585,
    2.0040459511882506e-28,
    0.0,
    0.0,
    0.0,
    0.005176395427355265,
    0.7649155922126982
  ],
  "vcov_matrix": [
    [
      0.000157264093475665,
      0.0008714141148288148,
      -3.3631247614157585e-08,
      0.0012578299178904167,
      -4.30233566268348e-06,
      -1.3293940331661666e-13,
      -6.420372243914736e-17,
      -6.245153810544248e-19,
      -1.6712023874918979e-18,
      4.459122723895141e-06,
      0.000980844359689339,
      -1.0912041751773234e-05,
      -7.728809009573031e-19,
      0.0007420557002121896,
      -7.508467485438977e-07,
      6.489369870716739e-34,
      0.0,
      0.0,
      0.0,
      -1.1870046165206655e-06,
      -5.89675734143075e-06
    ],
    [
      0.0008714141129646264,
      0.010023893140599597,
      -3.8594535721519643e-07,
      0.009310855673398987,
      0.0001758848473647485,
      -7.670432783171568e-12,
      -5.529668932076324e-16,
      -9.832393975109345e-18,
      -1.7932077425044413e-17,
      -0.0001761736560350849,
      0.0077596243597539425,
      -0.00037993235629809897,
      -5.8621122293075764e-18,
      0.01864347010575966,
      -1.101673278537842e-05,
      1.8190139025808488e-33,
      0.0,
      0.0,
      0.0,
      -1.731786530123777e-05,
      0.015567800799750203
    ],
    [
      -2.293878633197588e-08,
      -1.9031039088101456e-07,
      7.346263264252503e-12,
      -2.5912679416875245e-07,
      3.26440169126282e-09,
      4.6589377587777573e-17,
      1.3450859022060474e-20,
      1.3056409101997337e-22,
      3.6139568602451444e-22,
      -3.30644148792966e-09,
      -2.0277006538255315e-07,
      4.092785938831234e-09,
      1.5470855272600102e-22,
      -2.5401423776505424e-07,
      -3.709994723090145e-10,
      -1.5031755470920613e-37,
      0.0,
      0.0,
      0.0,
      -2.1522299650969846e-10,
      -2.0457712610385587e-07
    ],
    [
      0.0012578299094350908,
      0.009310855666833479,
      -3.594606684054459e-07,
      0.014773599516018414,
      -0.0001543932098368877,
      -2.205336354089476e-12,
      -7.109015614327191e-16,
      -6.4386168467661226e-18,
      -1.9029199222209125e-17,
      0.0001550621461866837,
      0.010183710816240147,
      -0.00012952727561120245,
      -8.215485340200965e-18,
      0.008876065541020252,
      -1.1270825024675407e-05,
      4.246875683316246e-33,
      0.0,
      0.0,
      0.0,
      -1.8380401760125958e-05,
      0.011308457736030774
    ],
    [
      -4.304090953750892e-06,
      0.00017643563954674267,
      1.7225484003293147e-08,
      -0.0001526516249342821,
      0.642662952652193,
      -8.002318117600152e-12,
      -9.431161885831168e-17,
      7.761537074725771e-17,
      -2.746014254017952e-17,
      -0.6252650499889678,
      0.0014523562950857919,
      2.2860031801947216e-05,
      -1.2724696252986782e-18,
      0.0008928456503512795,
      -0.000521199453699456,
      4.3104156652778295e-29,
      0.0,
      0.0,
      0.0,
      -0.0003688159103556559,
      -0.005927640405980582
    ],
    [
      2.8211432119173987e-15,
      9.685809778024585e-14,
      -3.456853155236072e-18,
      2.87140514189004e-14,
      2.485833315788644e-13,
      -6.703702607704543e-23,
      -4.34747608138961e-27,
      6.329808631506414e-29,
      -2.463171845788041e-28,
      -2.488111008286048e-13,
      1.0415413254489336e-13,
      -3.518324354501003e-15,
      -8.4062494331382e-29,
      1.9699305433290356e-13,
      -3.568084799146276e-14,
      -9.672763603142706e-45,
      0.0,
      0.0,
      0.0,
      -3.052765801353215e-14,
      -1.3529977406806175e-13
    ],
    [
      2.4604823488515777e-20,
      -1.603525432700696e-18,
      6.865272621209829e-23,
      -6.076495363703626e-19,
      1.2247793766353306e-16,
      5.4819330475495035e-27,
      9.913489745415869e-33,
      1.4000820240043773e-32,
      1.731669312152945e-33,
      -1.2522779655365218e-16,
      1.5931061034910053e-18,
      1.1198617073410436e-18,
      -2.5958405562653593e-33,
      -8.035343170655325e-17,
      -1.5411674521532475e-19,
      -6.346879917643845e-45,
      0.0,
      0.0,
      0.0,
      -2.6790828008007742e-19,
      -8.038219042643938e-17
    ],
    [
      9.106113708841864e-21,
      4.586443971926852e-18,
      -1.7982231442018922e-22,
      3.3066587886839215e-18,
      -5.72892206518948e-17,
      -1.3415317276285666e-26,
      -1.3846952182967482e-31,
      -5.497287977183548e-33,
      -1.0591471875096442e-32,
      5.776739735319167e-17,
      -1.986030718778638e-18,
      -2.2119698593893746e-18,
      3.842925188183947e-33,
      1.5242689896438812e-16,
      4.189556869017106e-20,
      1.0266999012336656e-45,
      0.0,
      0.0,
      0.0,
      1.2483592894423245e-19,
      1.6706671773801294e-16
    ],
    [
      6.143964671403412e-20,
      -5.1813577696178616e-18,
      2.1448531207040586e-22,
      -3.2769453733492822e-18,
      2.0157117426067258e-16,
      2.2395754821316255e-26,
      7.80907986672268e-32,
      2.2084438563528582e-32,
      1.961608837412056e-32,
      -2.015433560289791e-16,
      5.1390068425003926e-18,
