{
  "solver": "LBFGS",
  "objective": 0.4570285440751111,
  "nit": 24,
  "grad_norm": 5.030914778722358e-07,
  "theta0_gamma_c": [
    0.0,
    8.025884579553583,
    6.062083291519693,
    9.4268915742704
  ],
  "theta_hat_gamma_c": [
    9.999999999672575e-13,
    7.886754760699532,
    6.220317700043747,
    9.558232411310565
  ],
  "V_hat": [
    3.8658861023079187,
    0.5488790667384359,
    7.2253756944251215
  ],
  "time_sec": 19.222860499983653,
  "distance_metrics": {
    "gamma_error": -0.049999999999000004,
    "c_l2": 0.1433476543346392
  },
  "param_names": [
    "gamma",
    "c_1",
    "c_2",
    "c_3"
  ],
  "robust_se": [
    NaN,
    NaN,
    NaN,
    NaN
  ],
  "ci_radius_95": [
    NaN,
    NaN,
    NaN,
    NaN
  ],
  "se_mode": null,
  "market_shares": {
    "empirical": [
      0.11,
      0.23,
      0.09,
      0.57
    ],
    "model": [
      0.1215713865109879,
      0.22744471009951134,
      0.08977685747202707,
      0.5612070459174741
    ]
  }
}