{
  "solver": "LevenbergMarquardt",
  "N": 1000,
  "J": 10,
  "K": 21,
  "p": 21,
  "theta0": [
    0.05,
    3.052995747809328,
    4.481924783631609,
    0.6148859953301172,
    4.06175583710486,
    4.816502764680035,
    5.920905599151795,
    3.9825668197084507,
    5.2406054237555875,
    5.023385923723026,
    5.194043293741753,
    1.292472734368979,
    0.9379464932616352,
    0.9718383489489486,
    0.9453808482339596,
    1.0594304837675894,
    2.011457107647177,
    0.7883351266302282,
    0.7260901583500378,
    0.8698434408615563,
    1.0406969096614689
  ],
  "theta_hat": [
    0.05,
    3.07724905679724,
    4.376222001977679,
    0.7182043872286832,
    3.7625477471277544,
    4.812323177513907,
    6.08130554182375,
    4.072638749213114,
    5.34139017659516,
    5.15740398252268,
    5.113266333903111,
    1.292472734368979,
    0.9379464932616352,
    0.9718383489489486,
    0.9453808482339596,
    1.0594304837675894,
    2.011457107647177,
    0.7883351266302282,
    0.7260901583500378,
    0.8698434408615563,
    1.0406969096614689
  ],
  "objective": 7144.948691282644,
  "nit": 2,
  "grad_norm": 1810547.8140039041,
  "g_feat_mode": "chamberlain",
  "g_feat_density": 1.0,
  "g_feat_storage": "dense",
  "k_step": 1,
  "steps": [
    {
      "step": 1,
      "theta_hat": [
        0.05,
        3.07724905679724,
        4.376222001977679,
        0.7182043872286832,
        3.7625477471277544,
        4.812323177513907,
        6.08130554182375,
        4.072638749213114,
        5.34139017659516,
        5.15740398252268,
        5.113266333903111,
        1.292472734368979,
        0.9379464932616352,
        0.9718383489489486,
        0.9453808482339596,
        1.0594304837675894,
        2.011457107647177,
        0.7883351266302282,
        0.7260901583500378,
        0.8698434408615563,
        1.0406969096614689
      ],
      "objective": 7144.948691282644,
      "nit": 2,
      "grad_norm": 1810547.8140039041,
      "build_time_sec": 0.6950746669899672,
      "solve_time_sec": 4.773322458029725,
      "g_feat_density": 1.0,
      "g_feat_storage": "dense",
      "probability_min": 3.731271218487562e-16,
      "probability_max": 0.999370835133147,
      "rowsum_min": 0.9999999999999996,
      "rowsum_max": 1.0000000000000004,
      "prob_has_nan": false,
      "prob_has_inf": false,
      "moment_norm": 84.52779833452783,
      "moment_max_abs": 46.689196642183724,
      "moment_has_nan": false
    }
  ],
  "standard_errors": [
    0.04096042720618012,
    3.526262488275421,
    3.8550554844507263,
    0.9901073351119587,
    4.004977918380097,
    4.170493053647694,
    3.800941473511044,
    4.346175242079629,
    3.848262610882362,
    3.9767300151641396,
    3.8425865188783837,
    0.08389702312418032,
    3.605192302635366e-09,
    0.11313789910937638,
    0.0,
    0.03222549901400529,
    0.014448868742769724,
    0.009449355748927258,
    0.0,
    0.0,
    0.024063577663970177
  ],
  "se_mode": "robust",
  "ci_lower": [
    -0.030282437324113037,
    -3.8342254202225847,
    -3.1796867475457447,
    -1.2224059895907557,
    -4.087208972897235,
    -3.361843207635573,
    -1.3685397462578965,
    -4.4458647252629575,
    -2.2012045407342695,
    -2.636986847199034,
    -2.418203243098521,
    1.1280345690455855,
    0.9379464861954583,
    0.7500880666945708,
    0.9453808482339596,
    0.996268505700139,
    1.9831373249113484,
    0.7698143893623308,
    0.7260901583500378,
    0.8698434408615563,
    0.9935322974400873
  ],
  "ci_upper": [
    0.13028243732411304,
    9.988723533817065,
    11.932130751501102,
    2.658814764048122,
    11.612304467152743,
    12.986489562663387,
    13.531150829905396,
    12.591142223689186,
    12.883984893924591,
    12.951794812244394,
    12.644735910904743,
    1.4569108996923725,
    0.937946500327812,
    1.1935886312033264,
    0.9453808482339596,
    1.1225924618350398,
    2.039776890383006,
    0.8068558638981256,
    0.7260901583500378,
    0.8698434408615563,
    1.0878615218828505
  ],
  "ci_plot": "output/theta_ci_plot.png",
  "distance_metrics": {
    "gamma_error": 0.0,
    "V_l2": 0.13433665137681833,
    "V_max_abs": 0.29920808997710546,
    "A_l2": 0.0,
    "A_max_abs": 0.0
  },
  "baseline_theta0": {
    "gamma": 0.05,
    "V": [
      3.052995747809328,
      4.481924783631609,
      0.6148859953301172,
      4.06175583710486,
      4.816502764680035,
      5.920905599151795,
      3.9825668197084507,
      5.2406054237555875,
      5.023385923723026,
      5.194043293741753
    ],
    "A": [
      1.292472734368979,
      0.9379464932616352,
      0.9718383489489486,
      0.9453808482339596,
      1.0594304837675894,
      2.011457107647177,
      0.7883351266302282,
      0.7260901583500378,
      0.8698434408615563,
      1.0406969096614689
    ]
  },
  "market_shares": {
    "empirical": [
      0.169,
      0.157,
      0.046,
      0.096,
      0.035,
      0.049,
      0.3,
      0.032,
      0.023,
      0.039,
      0.054
    ],
    "model": [
      0.16561944600782735,
      0.15999011025210766,
      0.040124746745729946,
      0.10066209518791411,
      0.025667500210598614,
      0.04773073042881853,
      0.3143480760808243,
      0.026748267493196965,
      0.02524705310267111,
      0.04207300633929176,
      0.051788968151018945
    ]
  },
  "timings": {
    "total_time_sec": 5.643299332936294,
    "total_build_time_sec": 0.6950746669899672,
    "total_solve_time_sec": 4.773322458029725,
    "per_step": [
      {
        "step": 1,
        "theta_hat": [
          0.05,
          3.07724905679724,
          4.376222001977679,
          0.7182043872286832,
          3.7625477471277544,
          4.812323177513907,
          6.08130554182375,
          4.072638749213114,
          5.34139017659516,
          5.15740398252268,
          5.113266333903111,
          1.292472734368979,
          0.9379464932616352,
          0.9718383489489486,
          0.9453808482339596,
          1.0594304837675894,
          2.011457107647177,
          0.7883351266302282,
          0.7260901583500378,
          0.8698434408615563,
          1.0406969096614689
        ],
        "objective": 7144.948691282644,
        "nit": 2,
        "grad_norm": 1810547.8140039041,
        "build_time_sec": 0.6950746669899672,
        "solve_time_sec": 4.773322458029725,
        "g_feat_density": 1.0,
        "g_feat_storage": "dense",
        "probability_min": 3.731271218487562e-16,
        "probability_max": 0.999370835133147,
        "rowsum_min": 0.9999999999999996,
        "rowsum_max": 1.0000000000000004,
        "prob_has_nan": false,
        "prob_has_inf": false,
        "moment_norm": 84.52779833452783,
        "moment_max_abs": 46.689196642183724,
        "moment_has_nan": false
      }
    ]
  },
  "threads_used": null
}