{
  "implied": {
    "vector": [
      0.2629554328015497,
      0.23806157406004097,
      0.0,
      0.20514271554459965,
      0.11633181212677748,
      0.0,
      0.0,
      0.0,
      0.0,
      0.051156561784693085,
      0.12635190368233912
    ],
    "outside": 0.2629554328015497,
    "by_firm_id": {
      "1": 0.23806157406004097,
      "2": 0.0,
      "3": 0.20514271554459965,
      "4": 0.11633181212677748,
      "5": 0.0,
      "6": 0.0,
      "7": 0.0,
      "8": 0.0,
      "9": 0.051156561784693085,
      "10": 0.12635190368233912
    }
  },
  "observed": {
    "vector": [
      0.169,
      0.157,
      0.046,
      0.096,
      0.035,
      0.049,
      0.3,
      0.032,
      0.023,
      0.039,
      0.054
    ],
    "outside": 0.169,
    "by_firm_id": {
      "1": 0.157,
      "2": 0.046,
      "3": 0.096,
      "4": 0.035,
      "5": 0.049,
      "6": 0.3,
      "7": 0.032,
      "8": 0.023,
      "9": 0.039,
      "10": 0.054
    }
  },
  "firm_ids": [
    1,
    2,
    3,
    4,
    5,
    6,
    7,
    8,
    9,
    10
  ],
  "note": "Shares include outside at index 0; firm columns follow natural firm_ids order."
}