{
  "gamma": 0.05,
  "V": [
    3.052995747809328,
    4.481924783631609,
    0.6148859953301172,
    4.06175583710486,
    4.816502764680035,
    5.920905599151795,
    3.9825668197084507,
    5.2406054237555875,
    5.023385923723026,
    5.194043293741753
  ],
  "A": [
    1.292472734368979,
    0.9379464932616352,
    0.9718383489489486,
    0.9453808482339596,
    1.0594304837675894,
    2.011457107647177,
    0.7883351266302282,
    0.7260901583500378,
    0.8698434408615563,
    1.0406969096614689
  ],
  "firm_ids": [
    1,
    2,
    3,
    4,
    5,
    6,
    7,
    8,
    9,
    10
  ],
  "description": "True/observed parameters used to generate data. V = alpha*log(w) + xi."
}