{
  "solver": "LBFGS",
  "objective": 9807.876855993427,
  "objective_breakdown": {
    "neg_log_likelihood": 9807.876659438723,
    "penalty": 0.000196554703666501
  },
  "nit": 60,
  "grad_norm": 1.96296797943707e-11,
  "theta0": [
    0.04064760888717288,
    0.15,
    1.2557749234195013,
    0.6585120363566885,
    6.008335937452122,
    5.131538764148824
  ],
  "theta_hat": [
    0.04898251947541775,
    0.14089924958788505,
    1.8387173208312424,
    1.156134218209822,
    6.043939198909342,
    5.249524139439359
  ],
  "moment_vector": [
    0.01401979684833865,
    -0.014019796848182775
  ],
  "labor_supplied_data": [
    4599.0,
    2410.0
  ],
  "labor_supplied_model": [
    4599.882764587629,
    2408.673929307657
  ],
  "average_skill": [
    10.781041020584674,
    10.33033545305351
  ],
  "weight_matrix": [
    [
      1.0,
      0.0
    ],
    [
      0.0,
      1.0
    ]
  ],
  "time_sec": 6.2816716660163365,
  "timings": {
    "build_time_sec": 0.6106992079876363,
    "solve_time_sec": 5.6709724580287,
    "total_time_sec": 6.2816716660163365
  },
  "distance_metrics": {
    "gamma_error": -0.0010174805245822538,
    "beta_error": -0.009100750412114944,
    "V_l2": 0.04098788075723808,
    "V_max_abs": 0.056140569113964256,
    "c_l2": 0.08714396424549292,
    "c_max_abs": 0.11798537529053466
  },
  "ci_radius_95": [
    NaN,
    NaN,
    NaN,
    NaN,
    NaN,
    NaN
  ],
  "param_names": [
    "gamma",
    "beta",
    "V_1",
    "V_2",
    "c_1",
    "c_2"
  ],
  "penalized_se_proxy": [
    NaN,
    NaN,
    NaN,
    NaN,
    NaN,
    NaN
  ],
  "cov_penalized": [
    [
      NaN,
      NaN,
      NaN,
      NaN,
      NaN,
      NaN
    ],
    [
      NaN,
      NaN,
      NaN,
      NaN,
      NaN,
      NaN
    ],
    [
      NaN,
      NaN,
      NaN,
      NaN,
      NaN,
      NaN
    ],
    [
      NaN,
      NaN,
      NaN,
      NaN,
      NaN,
      NaN
    ],
    [
      NaN,
      NaN,
      NaN,
      NaN,
      NaN,
      NaN
    ],
    [
      NaN,
      NaN,
      NaN,
      NaN,
      NaN,
      NaN
    ]
  ],
  "market_shares": {
    "empirical": [
      0.2991,
      0.4599,
      0.241
    ],
    "model": [
      0.2991443306104729,
      0.4599882764587629,
      0.2408673929307657
    ]
  },
  "theta_plot_path": "/Users/rcly/worker-screening-simulations/output/mle_penalized_theta_ci_plot.png"
}