{
  "solver": "LBFGS",
  "objective": 88.55648418122863,
  "nit": 1,
  "grad_norm": 9.281429391775022,
  "theta0_gamma_c": [
    0.05,
    11.462513964505126,
    11.692128923818814
  ],
  "theta_hat_gamma_c": [
    0.04959311636147865,
    12.136667466673348,
    11.884812373389346
  ],
  "V_hat": [
    39.52681566952971,
    38.655684593127695
  ],
  "time_sec": 33.61365629101056,
  "timings": {
    "build_time_sec": 0.3985500000126194,
    "solve_time_sec": 33.21510629099794,
    "total_time_sec": 33.61365629101056
  },
  "theta_plot_path": null,
  "distance_metrics": {
    "gamma_error": -0.0004068836385213506,
    "c_l2": 0.4957871802618937,
    "c_max_abs": 0.6741535021682221
  },
  "ci_radius_95": [
    NaN,
    NaN,
    NaN
  ],
  "param_names": [
    "gamma",
    "c_1",
    "c_2"
  ],
  "robust_se": [
    NaN,
    NaN,
    NaN
  ],
  "cov_robust": null,
  "market_shares": {
    "empirical": [
      0.705,
      0.185,
      0.11
    ],
    "model": [
      0.7227351270916317,
      0.17613243645117513,
      0.101132436457193
    ]
  },
  "baseline": {
    "gamma": 0.05,
    "c": [
      11.462513964505126,
      11.692128923818814
    ],
    "V_initial": [
      6.6990484267733,
      6.126174236337447
    ]
  }
}