{
  "solver": "LBFGS",
  "objective": 686.3081100933036,
  "nit": 22,
  "grad_norm": 4.5166494329669467e-07,
  "theta0": [
    0.016883699807684036,
    0.09906354144095225,
    0.8919831969243914
  ],
  "theta_hat": [
    0.017514337439740263,
    0.12169779273959558,
    5.0
  ],
  "time_sec": 2.26598841699888,
  "theta_plot_path": "/Users/rcly/worker-screening-simulations/output/mle_theta_ci_plot.png",
  "distance_metrics": {
    "gamma_error": -0.03248566256025974,
    "V_l2": 3.4953432252773498,
    "V_max_abs": 3.4953432252773498,
    "A_l2": 3.707527265631021,
    "A_max_abs": 3.707527265631021
  },
  "ci_radius_95": [
    0.026436548037257875,
    0.3893239142900917,
    0.4109558970988953
  ],
  "param_names": [
    "gamma",
    "V_1",
    "A_1"
  ],
  "robust_se": [
    0.013488034712886671,
    0.198634650148006,
    0.20967137607086495
  ],
  "cov_robust": [
    [
      0.0001819270804160358,
      0.0025383376399002178,
      0.00012499764753521426
    ],
    [
      0.0025383376399002178,
      0.03945572423942074,
      0.004141096398537649
    ],
    [
      0.00012499764753521426,
      0.004141096398537649,
      0.04396208594345007
    ]
  ],
  "market_shares": {
    "empirical": [
      0.534,
      0.466
    ],
    "model": [
      0.5327485694826583,
      0.4672514305173414
    ]
  }
}