{
  "solver": "LBFGS",
  "objective": 2581.1839356986875,
  "nit": 110,
  "grad_norm": 7.461823409419177e-11,
  "theta0": [
    0.03187490557538481,
    -0.0765967333540822,
    -0.8539916618289323,
    0.8322860856331282,
    4.967631876770052
  ],
  "theta_hat": [
    0.049147083312601605,
    0.4324713912747318,
    35.65059564479501,
    0.6385685821726876,
    4.969877658131304
  ],
  "time_sec": 4.136670915991999,
  "timings": {
    "build_time_sec": 0.5693546659895219,
    "solve_time_sec": 3.5673162500024773,
    "total_time_sec": 4.136670915991999
  },
  "distance_metrics": {
    "gamma_error": -0.0008529166873983973,
    "V_l2": 20.666400774534125,
    "V_max_abs": 29.22633150755862,
    "c_l2": 0.13698816496483984,
    "c_max_abs": 0.1937175034604406
  },
  "ci_radius_95": [
    0.009564845606081953,
    0.2339427032905069,
    11.052317988808696,
    0.5119016712063593,
    0.09331658494822354
  ],
  "param_names": [
    "gamma",
    "V_1",
    "V_2",
    "c_1",
    "c_2"
  ],
  "robust_se": [
    0.004880023268409159,
    0.11935852208699332,
    5.638937749392192,
    0.2611743220440609,
    0.047610502524603845
  ],
  "cov_robust": [
    [
      2.381462710021481e-05,
      0.00047942037397625387,
      0.00517273618141233,
      0.00015268560915666218,
      -7.358612926714026e-07
    ],
    [
      0.00047942037397625387,
      0.014246456794791272,
      0.09750968264059218,
      0.016075966847029468,
      -3.368291081378962e-05
    ],
    [
      0.00517273618141233,
      0.09750968264059218,
      31.797618941520284,
      0.014334551334974816,
      0.0036575508657375622
    ],
    [
      0.00015268560915666218,
      0.016075966847029468,
      0.014334551334974816,
      0.06821202649517481,
      3.0057842097635913e-05
    ],
    [
      -7.358612926714026e-07,
      -3.368291081378962e-05,
      0.0036575508657375622,
      3.0057842097635913e-05,
      0.002266759950645309
    ]
  ],
  "market_shares": {
    "empirical": [
      0.579,
      0.284,
      0.137
    ],
    "model": [
      0.5784729606158309,
      0.28371666953908237,
      0.1378103698450856
    ]
  },
  "theta_plot_path": "/Users/rcly/worker-screening-simulations/output/mle_theta_ci_plot.png"
}