{
  "prob_sum_check": {
    "passed": true,
    "min_total": 0.9999999999999996,
    "max_total": 1.0000000000000004,
    "mean_total": 1.0
  },
  "nonnegativity_check": {
    "passed": true,
    "min_P_outside": 0.004666152843520414,
    "min_P_nat": 0.0
  },
  "mapping_check": {
    "passed": true,
    "firm_ids_byc": [
      3,
      1,
      4,
      6,
      7,
      5,
      2,
      10,
      9,
      8
    ],
    "c_sorted": [
      5.921478713252947,
      7.968059928841992,
      9.393409630275476,
      9.42059826388837,
      9.931163825973142,
      10.197211991136692,
      10.263923801894157,
      11.345853998600576,
      11.492422101186722,
      13.212568501820886
    ]
  },
  "probability_stats": {
    "mean_P_outside": 0.20553559584314576,
    "mean_P_nat_by_firm": [
      0.16423357257154936,
      0.04800409716952421,
      0.05543501354996975,
      0.03825701812957147,
      0.051871497514214805,
      0.30111721686267484,
      0.027007544455712726,
      0.018543442760475735,
      0.03565070105547943,
      0.054344300087682165
    ],
    "firm_market_shares": [
      0.16423357257154936,
      0.04800409716952421,
      0.05543501354996975,
      0.03825701812957147,
      0.051871497514214805,
      0.30111721686267484,
      0.027007544455712726,
      0.018543442760475735,
      0.03565070105547943,
      0.054344300087682165
    ]
  },
  "debug_worker": {
    "worker_idx": 0,
    "x_skill": 7.43918734951958,
    "location": [
      5.665250061863243,
      -4.848423368907674
    ],
    "P_outside": 0.7848389328422775,
    "P_nat": [
      3.7561939475310718e-06,
      0.0,
      0.21515731096377494,
      0.0,
      0.0,
      0.0,
      0.0,
      0.0,
      0.0,
      0.0
    ],
    "P_byc": [
      0.21515731096377494,
      3.7561939475310718e-06,
      0.0,
      0.0,
      0.0,
      0.0,
      0.0,
      0.0,
      0.0,
      0.0
    ]
  }
}