{
  "worker_idx": 0,
  "worker_characteristics": {
    "x_skill": 7.437284489095588,
    "location": [
      -2.578837965066336,
      8.632453273213953
    ],
    "sigma_a": 1.5
  },
  "simulation_setup": {
    "c_firms": [
      8.009695368909982,
      10.26540697226488,
      6.0216925566593895,
      9.399359873244029,
      10.19880590858251,
      9.424302828314213,
      9.933568522615932,
      13.211578704440075,
      11.492152156276466,
      11.345716895093204
    ],
    "systematic_utilities": [
      2.6518763400264613,
      4.0286816766406,
      0.5715831431205255,
      3.429124706653724,
      4.148749085127475,
      5.459136717457173,
      3.2994210389923295,
      4.799437915832845,
      4.39736043803182,
      4.759813341296632
    ],
    "distances": [
      8.022381463177586,
      9.064871545412986,
      0.8660647621870576,
      12.652627356687983,
      13.355082923482337,
      9.235372360043339,
      13.66292597165182,
      8.82337457157444,
      12.520538418615272,
      8.684603524309134
    ],
    "n_simulations": 10000
  },
  "simulated": {
    "P_outside": 0.3608,
    "P_firms": [
      0.2252,
      0.0034,
      0.3276,
      0.0089,
      0.0049,
      0.0649,
      0.003,
      0.0,
      0.0001,
      0.0012
    ],
    "choice_counts": [
      3608,
      2252,
      34,
      3276,
      89,
      49,
      649,
      30,
      0,
      1,
      12
    ],
    "n_simulations": 10000
  },
  "firm_mapping": {
    "firm_ids": [
      1,
      2,
      3,
      4,
      5,
      6,
      7,
      8,
      9,
      10
    ]
  }
}