{
  "worker_idx": 2,
  "worker_characteristics": {
    "x_skill": 13.357605679352046,
    "location": [
      5.159907197888643,
      -2.4441082189130467
    ],
    "sigma_a": 1.5008331019803638
  },
  "simulation_setup": {
    "c_firms": [
      8.009699809698464,
      10.265407914009783,
      6.0217087947562895,
      9.39935936356485,
      10.198805912224683,
      9.42430515384913,
      9.933565978693988,
      13.211580092121103,
      11.49214760522307,
      11.345724711448453
    ],
    "systematic_utilities": [
      2.774689358717757,
      4.233629585586166,
      -0.01742258433242705,
      3.584465477789551,
      4.331325953255335,
      5.625198963671393,
      3.603305776087882,
      4.909946830004271,
      4.7278408584927085,
      4.88327439661673
    ],
    "note": "a_skill redrawn each simulation, s_skill = x_skill + a_skill varies"
  },
  "theoretical": {
    "P_outside": 0.0015801675523061086,
    "P_firms": [
      0.0241084361320652,
      0.08506787559241806,
      0.0015528753902307809,
      0.04612434025530941,
      0.09417398674513848,
      0.3539433341056662,
      0.04610778637546091,
      0.08167273324851979,
      0.1209259819264283,
      0.14468020618483168
    ]
  },
  "simulated": {
    "n_simulations": 500000,
    "P_outside": 0.001584,
    "P_firms": [
      0.023914,
      0.085416,
      0.00159,
      0.046132,
      0.09419,
      0.352958,
      0.04608,
      0.081462,
      0.121322,
      0.145352
    ]
  },
  "comparison": {
    "outside_rel_diff": 0.002425342608951969,
    "firm_rel_diffs": [
      0.008065066145314598,
      0.0040923134045323835,
      0.023907011472248215,
      0.00016606730086953149,
      0.000170039045971925,
      0.0027838753007057362,
      0.0006026395462718529,
      0.002580215454263594,
      0.0032748799493945045,
      0.004643301477674813
    ],
    "max_rel_diff": 0.023907011472248215,
    "converged": true
  },
  "firm_mapping": {
    "firm_ids": [
      1,
      2,
      3,
      4,
      5,
      6,
      7,
      8,
      9,
      10
    ],
    "note": "theoretical calculation uses natural firm order"
  }
}